"country","year","KEI_Index","prediction(KEI_Index)"
"Algeria",1995,,3.6649653038969787
"Algeria",1996,,3.2143816582365514
"Algeria",1997,,3.5349395448657046
"Algeria",1998,,2.755323553907774
"Algeria",1999,,3.7036373214540443
"Algeria",2000,2.85,2.9013996113344604
"Algeria",2001,,3.402700685745305
"Algeria",2002,,3.5126842770649587
"Algeria",2003,,3.42203844391373
"Algeria",2004,,3.515862905000983
"Algeria",2005,,3.5028639418809346
"Algeria",2006,,3.4941224853243638
"Algeria",2007,3.07,3.2970419952036
"Algeria",2008,3.25,3.278423555197374
"Algeria",2009,,3.490147246085447
"Algeria",2010,,3.5341021214768693
"Algeria",2011,,3.5725279099314777
"Algeria",2012,3.79,3.4504174991372207
"Algeria",2013,,3.45262461381025
"Algeria",2014,,3.2892356845886526
"Algeria",2015,,3.4294552036407833
"Algeria",2016,,3.6662669603014875
"Algeria",2017,,3.660436792356286
"Angola",1995,,1.8293438017267718
"Angola",1996,,0.9139887971578395
"Angola",1997,,1.5984092227432605
"Angola",1998,,0.5032638849671578
"Angola",1999,,0.8364418383676502
"Angola",2000,,0.38968808684815226
"Angola",2001,,1.5550809178323597
"Angola",2002,,0.6102604108108887
"Angola",2003,,0.9513413641610797
"Angola",2004,,0.7498486607259962
"Angola",2005,,0.738791906590583
"Angola",2006,,1.0242763374295487
"Angola",2007,1.49,1.4358203857362057
"Angola",2008,1.7,1.0991293703408314
"Angola",2009,,1.1244995962548079
"Angola",2010,,1.100036009028873
"Angola",2011,,1.0779178116115236
"Angola",2012,1.08,1.298454567234101
"Angola",2013,,1.375556121619296
"Angola",2014,,1.471717775590252
"Angola",2015,,1.549782479841153
"Angola",2016,,1.3502783614018838
"Angola",2017,,1.2669274465713158
"Benin",1995,,1.5926934427072554
"Benin",1996,,1.5751634944477226
"Benin",1997,,2.163793405213684
"Benin",1998,,2.4473375729367266
"Benin",1999,,2.0758649753413994
"Benin",2000,2.39,2.105575970057574
"Benin",2001,,2.231740727653534
"Benin",2002,,1.9995194046587053
"Benin",2003,,1.8827541856906742
"Benin",2004,,1.7574316120826952
"Benin",2005,,1.611852474590144
"Benin",2006,,1.8283592091511198
"Benin",2007,1.62,2.0878625617057462
"Benin",2008,2.1,1.9637647372100782
"Benin",2009,,2.033125264074169
"Benin",2010,,1.9064304374018657
"Benin",2011,,1.8257934998052772
"Benin",2012,1.88,1.9045530950381941
"Benin",2013,,1.8847958939895495
"Benin",2014,,1.8420211644296143
"Benin",2015,,1.8802682864266278
"Benin",2016,,1.8035224599839563
"Benin",2017,,1.830863112858275
"Botswa",1995,,3.739685024339756
"Botswa",1996,,4.476522264102354
"Botswa",1997,,2.5383043655009963
"Botswa",1998,,4.905386832343772
"Botswa",1999,,4.377779909311838
"Botswa",2000,4.99,4.798036331484106
"Botswa",2001,,3.9931393231094963
"Botswa",2002,,4.707716455661177
"Botswa",2003,,4.774560190688371
"Botswa",2004,,4.495217568370746
"Botswa",2005,,4.567591786429941
"Botswa",2006,,4.429733179261557
"Botswa",2007,3.92,4.204408064517449
"Botswa",2008,3.96,4.067816482351026
"Botswa",2009,,4.111627650087774
"Botswa",2010,,4.018079991436906
"Botswa",2011,,3.3707189611320674
"Botswa",2012,4.31,4.2262886662629
"Botswa",2013,,3.973023772168677
"Botswa",2014,,4.423300219765118
"Botswa",2015,,4.140561027470891
"Botswa",2016,,4.1718872952613815
"Botswa",2017,,4.091255083681321
"Burki Faso",1995,,1.8122200364355048
"Burki Faso",1996,,2.0380803478953697
"Burki Faso",1997,,1.9547083694801946
"Burki Faso",1998,,1.9012601536350648
"Burki Faso",1999,,1.850666460882835
"Burki Faso",2000,1.82,1.8594190411797897
"Burki Faso",2001,,2.1085797011972858
"Burki Faso",2002,,1.8125405934480847
"Burki Faso",2003,,1.7384137841780825
"Burki Faso",2004,,1.7462202073722204
"Burki Faso",2005,,1.6839893248511224
"Burki Faso",2006,,1.6913114018608661
"Burki Faso",2007,1.08,1.7769041274411697
"Burki Faso",2008,1.64,1.8237271831911683
"Burki Faso",2009,,1.9256601591886842
"Burki Faso",2010,,1.9099653602104616
"Burki Faso",2011,,1.9228357258373117
"Burki Faso",2012,1.91,1.8696551289016776
"Burki Faso",2013,,1.893610878604492
"Burki Faso",2014,,1.7766282916110963
"Burki Faso",2015,,1.795478201453213
"Burki Faso",2016,,1.8444471223859873
"Burki Faso",2017,,1.8551641147791202
"Burundi",1995,,1.944328716334127
"Burundi",1996,,1.3651206245928909
"Burundi",1997,,2.1832943157555897
"Burundi",1998,,1.7290136553807773
"Burundi",1999,,2.053184726859529
"Burundi",2000,,1.3947341848947792
"Burundi",2001,,2.017232662047838
"Burundi",2002,,1.1991144654794823
"Burundi",2003,,1.1845009350080091
"Burundi",2004,,1.1717820295953967
"Burundi",2005,,1.2331081445509549
"Burundi",2006,,1.411667202440949
"Burundi",2007,,1.4346398823465938
"Burundi",2008,,1.4738999924368859
"Burundi",2009,,1.4928383963615666
"Burundi",2010,,1.582232501731533
"Burundi",2011,,1.7664888764906075
"Burundi",2012,,1.7876197974679182
"Burundi",2013,,1.829207386615329
"Burundi",2014,,1.8342754860197878
"Burundi",2015,,1.8563666717365814
"Burundi",2016,,1.7781526033231922
"Burundi",2017,,1.8749061631584003
"Cabo Verde",1995,,2.7642415568573018
"Cabo Verde",1996,,3.507363322678643
"Cabo Verde",1997,,3.273814343421744
"Cabo Verde",1998,,4.657617706730509
"Cabo Verde",1999,,3.642883244886322
"Cabo Verde",2000,,4.795421530895458
"Cabo Verde",2001,,3.2413197293835925
"Cabo Verde",2002,,4.32590238553119
"Cabo Verde",2003,,4.368521724159371
"Cabo Verde",2004,,3.9258719613061404
"Cabo Verde",2005,,3.739379517168947
"Cabo Verde",2006,,4.273943649817406
"Cabo Verde",2007,,4.235907676136583
"Cabo Verde",2008,,4.371014557024315
"Cabo Verde",2009,,4.71565544460778
"Cabo Verde",2010,,4.783513482009464
"Cabo Verde",2011,,4.8933394741921505
"Cabo Verde",2012,,4.768325887203002
"Cabo Verde",2013,,4.654809244236947
"Cabo Verde",2014,,4.490158373331857
"Cabo Verde",2015,,4.306790723896883
"Cabo Verde",2016,,4.154284783089793
"Cabo Verde",2017,,4.215686868809182
"Cameroon",1995,,2.0031973307671445
"Cameroon",1996,,1.5322155233331776
"Cameroon",1997,,1.766129627309116
"Cameroon",1998,,1.6821706238061007
"Cameroon",1999,,2.30475474914581
"Cameroon",2000,2.17,1.7772212015127051
"Cameroon",2001,,2.585783614696573
"Cameroon",2002,,1.6137639782922255
"Cameroon",2003,,1.627659970485483
"Cameroon",2004,,1.5396233706989446
"Cameroon",2005,,1.4803038424014723
"Cameroon",2006,,1.4401346952308982
"Cameroon",2007,1.46,1.5970412887766825
"Cameroon",2008,1.69,1.6156262196257867
"Cameroon",2009,,1.6610574106431737
"Cameroon",2010,,1.8827156312090638
"Cameroon",2011,,1.7766038787883458
"Cameroon",2012,1.69,1.7572383145122163
"Cameroon",2013,,1.7966666663666033
"Cameroon",2014,,2.065319577531949
"Cameroon",2015,,2.047565064296724
"Cameroon",2016,,2.12186318314742
"Cameroon",2017,,2.2443804667743192
"Central African Republic",1995,,2.046805605981854
"Central African Republic",1996,,1.6451117494495122
"Central African Republic",1997,,1.9371084553866393
"Central African Republic",1998,,1.7335675511343926
"Central African Republic",1999,,1.5896791867012672
"Central African Republic",2000,,1.4401220151419056
"Central African Republic",2001,,1.6527725709111603
"Central African Republic",2002,,0.9324474333354704
"Central African Republic",2003,,0.8484455208566222
"Central African Republic",2004,,0.6840832862314676
"Central African Republic",2005,,0.8179315282312856
"Central African Republic",2006,,0.6409395427429274
"Central African Republic",2007,,0.7454425258089206
"Central African Republic",2008,,0.8149810875859851
"Central African Republic",2009,,0.6369002470085352
"Central African Republic",2010,,0.8734485374979601
"Central African Republic",2011,,0.736633271828739
"Central African Republic",2012,,0.6953466317177948
"Central African Republic",2013,,1.077070141355554
"Central African Republic",2014,,0.94671758515585
"Central African Republic",2015,,0.8218577667686495
"Central African Republic",2016,,0.4128050133302219
"Central African Republic",2017,,1.1369348104991555
"Chad",1995,,1.9329460737494135
"Chad",1996,,1.5192388821481146
"Chad",1997,,1.8957787299621724
"Chad",1998,,1.92749385536669
"Chad",1999,,2.2296102719630255
"Chad",2000,,1.9020959088806517
"Chad",2001,,2.088603849223797
"Chad",2002,,1.5699787923154909
"Chad",2003,,1.4448325523051464
"Chad",2004,,1.4035844975362761
"Chad",2005,,1.3477591597551912
"Chad",2006,,1.339321085922836
"Chad",2007,,1.3560192877368826
"Chad",2008,,1.3564134432257315
"Chad",2009,,1.386791624146945
"Chad",2010,,1.3451836284185683
"Chad",2011,,1.3108136531130818
"Chad",2012,,1.2756893835557284
"Chad",2013,,1.3318285373437226
"Chad",2014,,1.3030669568442361
"Chad",2015,,1.233032291206789
"Chad",2016,,1.1109451819844334
"Chad",2017,,1.7070515712903829
"Comoros",1995,,2.5115183237714884
"Comoros",1996,,2.2496583326297035
"Comoros",1997,,2.400893430237216
"Comoros",1998,,2.3083355203619207
"Comoros",1999,,2.34062608525007
"Comoros",2000,,1.4372047691350276
"Comoros",2001,,3.1125761430923973
"Comoros",2002,,1.8733346144423777
"Comoros",2003,,1.8292774560197893
"Comoros",2004,,1.7350906195933287
"Comoros",2005,,1.3738892807423886
"Comoros",2006,,1.3932583838323516
"Comoros",2007,,1.2828188673399654
"Comoros",2008,,1.78173027331956
"Comoros",2009,,1.1975909434120697
"Comoros",2010,,1.4675291062175786
"Comoros",2011,,1.758195137352169
"Comoros",2012,,1.7129023051363683
"Comoros",2013,,1.935421188580706
"Comoros",2014,,1.9865327779789994
"Comoros",2015,,1.7993486513947432
"Comoros",2016,,1.9269310157639588
"Comoros",2017,,1.8635555426451353
"Cote d'Ivoire",1995,,1.8028406460795532
"Cote d'Ivoire",1996,,1.4639828569503925
"Cote d'Ivoire",1997,,1.78298045582574
"Cote d'Ivoire",1998,,1.6457119335001051
"Cote d'Ivoire",1999,,1.6422778018515292
"Cote d'Ivoire",2000,,1.38424544537751
"Cote d'Ivoire",2001,,2.4056122966510465
"Cote d'Ivoire",2002,,1.6898753800810948
"Cote d'Ivoire",2003,,1.3973777251027224
"Cote d'Ivoire",2004,,2.1056913702860247
"Cote d'Ivoire",2005,,1.4250598213816716
"Cote d'Ivoire",2006,,1.3843503818445066
"Cote d'Ivoire",2007,,1.4397374452036802
"Cote d'Ivoire",2008,,1.3169536334432035
"Cote d'Ivoire",2009,,1.4655179014752977
"Cote d'Ivoire",2010,,1.4757764962392637
"Cote d'Ivoire",2011,,1.3915446434459078
"Cote d'Ivoire",2012,,1.5438718608539639
"Cote d'Ivoire",2013,,1.7366630211840324
"Cote d'Ivoire",2014,,1.8854055529528004
"Cote d'Ivoire",2015,,2.1992687599898426
"Cote d'Ivoire",2016,,2.2920612091950017
"Cote d'Ivoire",2017,,2.3593850984041875
"Congo, Dem. Rep.",1995,,2.1637961675883712
"Congo, Dem. Rep.",1996,,1.3826899556594858
"Congo, Dem. Rep.",1997,,1.759335086742722
"Congo, Dem. Rep.",1998,,0.8440941118825451
"Congo, Dem. Rep.",1999,,1.0660995025576745
"Congo, Dem. Rep.",2000,,1.3102797739324479
"Congo, Dem. Rep.",2001,,2.914996272945438
"Congo, Dem. Rep.",2002,,0.9862109537806241
"Congo, Dem. Rep.",2003,,1.3274219084104568
"Congo, Dem. Rep.",2004,,1.5914182487026083
"Congo, Dem. Rep.",2005,,1.083822093858973
"Congo, Dem. Rep.",2006,,1.2724017079605114
"Congo, Dem. Rep.",2007,,1.2625659719078568
"Congo, Dem. Rep.",2008,,1.2960975444879521
"Congo, Dem. Rep.",2009,,1.2833400276944826
"Congo, Dem. Rep.",2010,,1.2229513194830477
"Congo, Dem. Rep.",2011,,1.2550768885524755
"Congo, Dem. Rep.",2012,,1.2323687521273015
"Congo, Dem. Rep.",2013,,1.269567793350383
"Congo, Dem. Rep.",2014,,1.2899015792571449
"Congo, Dem. Rep.",2015,,1.2461344910736996
"Congo, Dem. Rep.",2016,,1.1112249793582376
"Congo, Dem. Rep.",2017,,1.3365349783589022
"Djibouti",1995,,1.6169500935555035
"Djibouti",1996,,1.4863053385289238
"Djibouti",1997,,1.3478546835589378
"Djibouti",1998,,1.4305533122676701
"Djibouti",1999,,1.2029341440140415
"Djibouti",2000,1.59,1.3867841814633484
"Djibouti",2001,,1.218369912526506
"Djibouti",2002,,1.3580094746726168
"Djibouti",2003,,1.2217119234907936
"Djibouti",2004,,1.2012856844755677
"Djibouti",2005,,1.1220027611142185
"Djibouti",2006,,0.9729717105868163
"Djibouti",2007,0.79,1.1180471063488517
"Djibouti",2008,1.15,1.1498049462301725
"Djibouti",2009,,1.202186113243569
"Djibouti",2010,,1.2875092507255501
"Djibouti",2011,,1.5046601367410548
"Djibouti",2012,1.34,1.5970592790290055
"Djibouti",2013,,1.5615745112171107
"Djibouti",2014,,1.4781047765487516
"Djibouti",2015,,1.4037519390417041
"Djibouti",2016,,1.3789332078012473
"Djibouti",2017,,2.0072115501408883
"Egypt, Arab Rep.",1995,,3.253386118105373
"Egypt, Arab Rep.",1996,,3.9809492905199466
"Egypt, Arab Rep.",1997,,3.689345322609343
"Egypt, Arab Rep.",1998,,2.9268200077019686
"Egypt, Arab Rep.",1999,,3.955808306789766
"Egypt, Arab Rep.",2000,,4.188251828484125
"Egypt, Arab Rep.",2001,,3.4867068482819703
"Egypt, Arab Rep.",2002,,4.080607119903202
"Egypt, Arab Rep.",2003,,3.9470453343141436
"Egypt, Arab Rep.",2004,,4.0676641879970035
"Egypt, Arab Rep.",2005,,4.156889394937798
"Egypt, Arab Rep.",2006,,3.9219610032306
"Egypt, Arab Rep.",2007,,3.9390995361141554
"Egypt, Arab Rep.",2008,,4.207192482954765
"Egypt, Arab Rep.",2009,,3.6311930676103743
"Egypt, Arab Rep.",2010,,3.6979004805661972
"Egypt, Arab Rep.",2011,,3.571157571758693
"Egypt, Arab Rep.",2012,,3.48754477310153
"Egypt, Arab Rep.",2013,,3.2942290883317993
"Egypt, Arab Rep.",2014,,3.190814441196663
"Egypt, Arab Rep.",2015,,3.3823925193043687
"Egypt, Arab Rep.",2016,,3.2639508924686664
"Egypt, Arab Rep.",2017,,3.2187910704620286
"Equatorial Guinea",1995,,2.542444789211774
"Equatorial Guinea",1996,,1.8571273775943014
"Equatorial Guinea",1997,,2.475985301418179
"Equatorial Guinea",1998,,1.6978212188629556
"Equatorial Guinea",1999,,2.4566483914421697
"Equatorial Guinea",2000,,1.6512391241978666
"Equatorial Guinea",2001,,2.718794904969718
"Equatorial Guinea",2002,,1.4354728758323465
"Equatorial Guinea",2003,,2.046210257734658
"Equatorial Guinea",2004,,1.8665226478214039
"Equatorial Guinea",2005,,1.3715211513766934
"Equatorial Guinea",2006,,1.414344953972643
"Equatorial Guinea",2007,,1.5137413372206887
"Equatorial Guinea",2008,,1.2852557599358216
"Equatorial Guinea",2009,,1.4112751052670482
"Equatorial Guinea",2010,,1.300351206469586
"Equatorial Guinea",2011,,1.3489327963767654
"Equatorial Guinea",2012,,1.3153829958628105
"Equatorial Guinea",2013,,1.7554874721086535
"Equatorial Guinea",2014,,1.6753593675966156
"Equatorial Guinea",2015,,1.2636905566129855
"Equatorial Guinea",2016,,1.7549802250879796
"Equatorial Guinea",2017,,2.1380204104017677
"Eritrea",1995,,1.812432434963311
"Eritrea",1996,,1.7447774834184826
"Eritrea",1997,,1.7625216130433787
"Eritrea",1998,,1.7435088909807455
"Eritrea",1999,,1.8328689963065798
"Eritrea",2000,,1.7054730775876537
"Eritrea",2001,,2.1013584325623
"Eritrea",2002,,1.7145922651314223
"Eritrea",2003,,1.4518582442676031
"Eritrea",2004,,1.30696495304842
"Eritrea",2005,,1.253424803535847
"Eritrea",2006,,1.3273482319842858
"Eritrea",2007,0.93,1.247889907867438
"Eritrea",2008,1.07,1.2166013379384388
"Eritrea",2009,,1.2109588843657053
"Eritrea",2010,,1.177762071691412
"Eritrea",2011,,1.1769005588661328
"Eritrea",2012,1.14,1.172219422713801
"Eritrea",2013,,1.1640273303385005
"Eritrea",2014,,1.0782209780999432
"Eritrea",2015,,1.0226128050435483
"Eritrea",2016,,0.9915194437889374
"Eritrea",2017,,1.631389788623712
"Ethiopia",1995,,1.0097123745276564
"Ethiopia",1996,,0.8828586384896382
"Ethiopia",1997,,1.9115526622589183
"Ethiopia",1998,,1.2250241179990717
"Ethiopia",1999,,1.0857310190444642
"Ethiopia",2000,1.36,1.0054725201519
"Ethiopia",2001,,1.2797961217012843
"Ethiopia",2002,,1.0329643497693062
"Ethiopia",2003,,1.0329415099904913
"Ethiopia",2004,,1.2316038048550157
"Ethiopia",2005,,1.0698103665436376
"Ethiopia",2006,,1.2792729416175153
"Ethiopia",2007,0.74,1.381132375421879
"Ethiopia",2008,1.18,1.3697310328031298
"Ethiopia",2009,,1.352742055940828
"Ethiopia",2010,,1.265866841988847
"Ethiopia",2011,,1.285694072819569
"Ethiopia",2012,1.27,1.296336756996023
"Ethiopia",2013,,1.5439809123291122
"Ethiopia",2014,,1.431819270658277
"Ethiopia",2015,,1.3579960685453032
"Ethiopia",2016,,1.7649807048747133
"Ethiopia",2017,,1.758455053048122
"Gabon",1995,,3.322054260293526
"Gabon",1996,,3.9555643986368922
"Gabon",1997,,3.2956356693118534
"Gabon",1998,,3.0940408504353503
"Gabon",1999,,3.27099065911227
"Gabon",2000,,2.884353412148271
"Gabon",2001,,2.9698170236148718
"Gabon",2002,,3.660075057850507
"Gabon",2003,,3.0074171803449157
"Gabon",2004,,3.0279307333440406
"Gabon",2005,,2.479208764700556
"Gabon",2006,,2.250508714306407
"Gabon",2007,,2.2779454045228813
"Gabon",2008,,2.061614188038452
"Gabon",2009,,2.4277490862157216
"Gabon",2010,,2.299881154151359
"Gabon",2011,,2.387693083603868
"Gabon",2012,,2.626229259211031
"Gabon",2013,,2.7493806774471237
"Gabon",2014,,2.762333611586119
"Gabon",2015,,2.665445857463385
"Gabon",2016,,2.932820868060628
"Gabon",2017,,2.422846762690342
"Gha",1995,,2.4196408329686845
"Gha",1996,,2.410989291495887
"Gha",1997,,2.760131536768884
"Gha",1998,,2.9192881975777545
"Gha",1999,,3.0352612635597196
"Gha",2000,3.0,3.02079190045336
"Gha",2001,,2.452494346668362
"Gha",2002,,2.488913641002495
"Gha",2003,,2.575206792657113
"Gha",2004,,2.4789564972947415
"Gha",2005,,2.5765673202390786
"Gha",2006,,2.510456737007763
"Gha",2007,1.99,2.647951228241345
"Gha",2008,2.5,2.573247279628725
"Gha",2009,,2.6104590661718006
"Gha",2010,,2.315323947360234
"Gha",2011,,2.7605253467808186
"Gha",2012,2.72,2.750418358100253
"Gha",2013,,3.011755798588248
"Gha",2014,,2.9267348036735648
"Gha",2015,,3.0771162288071614
"Gha",2016,,2.9470267911498333
"Gha",2017,,2.57803886948518
"Guinea",1995,,1.650613341147428
"Guinea",1996,,1.5481757408696213
"Guinea",1997,,1.418572363473336
"Guinea",1998,,1.8704004410725474
"Guinea",1999,,1.8823216006185803
"Guinea",2000,1.83,1.7822446698098697
"Guinea",2001,,2.0902752243771148
"Guinea",2002,,1.1721291679416534
"Guinea",2003,,1.0512010794793412
"Guinea",2004,,1.350113254863285
"Guinea",2005,,1.3712002644848234
"Guinea",2006,,1.2266410970146704
"Guinea",2007,,1.3044133460266338
"Guinea",2008,,1.3011525941390878
"Guinea",2009,,1.3057837655580147
"Guinea",2010,,1.377289815471436
"Guinea",2011,,1.3466994316786751
"Guinea",2012,1.22,1.3293523872189152
"Guinea",2013,,1.348504283495613
"Guinea",2014,,1.333742496263489
"Guinea",2015,,1.5469315919557154
"Guinea",2016,,1.4566079730504478
"Guinea",2017,,1.5768899549781108
"Kenya",1995,,3.3362853863032793
"Kenya",1996,,2.8627662200360766
"Kenya",1997,,3.6022187918052273
"Kenya",1998,,3.0680140684214474
"Kenya",1999,,3.2319977616163316
"Kenya",2000,2.93,2.9193735674976056
"Kenya",2001,,3.2470144411108772
"Kenya",2002,,2.8257237799940493
"Kenya",2003,,2.813158324149104
"Kenya",2004,,2.662006900013495
"Kenya",2005,,2.5884379911363498
"Kenya",2006,,2.7103408381795484
"Kenya",2007,2.73,2.822971079227302
"Kenya",2008,2.82,2.879639941028456
"Kenya",2009,,2.7656615235674216
"Kenya",2010,,2.269461495143299
"Kenya",2011,,2.436926263625859
"Kenya",2012,2.88,2.6964972079357947
"Kenya",2013,,2.569661321339755
"Kenya",2014,,2.742056816900755
"Kenya",2015,,2.503727088152907
"Kenya",2016,,2.6512396879786717
"Kenya",2017,,2.5567173471683393
"Lesotho",1995,,2.356484870504956
"Lesotho",1996,,3.0175679738555354
"Lesotho",1997,,1.729833909123157
"Lesotho",1998,,3.030285408928619
"Lesotho",1999,,3.215703440255386
"Lesotho",2000,2.9,2.815053328669409
"Lesotho",2001,,2.8102896468565435
"Lesotho",2002,,2.6454858934049854
"Lesotho",2003,,2.629951982102257
"Lesotho",2004,,2.3795920850076273
"Lesotho",2005,,2.5201404789103092
"Lesotho",2006,,2.4081322408191568
"Lesotho",2007,2.23,2.010036443974293
"Lesotho",2008,2.15,2.037298309956511
"Lesotho",2009,,2.0463300843146257
"Lesotho",2010,,2.1025811815889663
"Lesotho",2011,,2.133748519516322
"Lesotho",2012,1.95,2.249269492132072
"Lesotho",2013,,2.2978109849207966
"Lesotho",2014,,2.3118166172515586
"Lesotho",2015,,2.2718749631086634
"Lesotho",2016,,2.5053450250954317
"Lesotho",2017,,2.198940804417245
"Liberia",1995,,2.2997845797735783
"Liberia",1996,,1.1736342004223164
"Liberia",1997,,2.208837998328065
"Liberia",1998,,1.0625388191365652
"Liberia",1999,,2.1592676947204295
"Liberia",2000,,1.3325556948735198
"Liberia",2001,,2.8343009021857952
"Liberia",2002,,1.1798310713016518
"Liberia",2003,,1.2846891366060076
"Liberia",2004,,1.531386440489677
"Liberia",2005,,1.2253611441728074
"Liberia",2006,,1.4014922084431314
"Liberia",2007,,1.4139402757466462
"Liberia",2008,,1.1999219034069966
"Liberia",2009,,1.6785351765274328
"Liberia",2010,,1.4565548501999435
"Liberia",2011,,1.4502944772527595
"Liberia",2012,,1.5298617992990051
"Liberia",2013,,1.7000717875333882
"Liberia",2014,,1.4663268542164962
"Liberia",2015,,1.5381671561229493
"Liberia",2016,,1.439331561721012
"Liberia",2017,,2.3527747741497373
"Libya",1995,,2.5168821098066405
"Libya",1996,,1.6474882104338247
"Libya",1997,,2.1521330030051162
"Libya",1998,,1.8982775670287704
"Libya",1999,,3.263665321499174
"Libya",2000,,3.3868523588865935
"Libya",2001,,3.3498247031849755
"Libya",2002,,3.7070744388651007
"Libya",2003,,3.6761479020769516
"Libya",2004,,2.1841639720428834
"Libya",2005,,3.008091959144715
"Libya",2006,,2.904959050982127
"Libya",2007,,1.7637730579000928
"Libya",2008,,1.6955319768806483
"Libya",2009,,2.5884005682612554
"Libya",2010,,2.40506517113392
"Libya",2011,,2.2151081655850122
"Libya",2012,,2.199962139842906
"Libya",2013,,2.1273220174639134
"Libya",2014,,1.879618094593006
"Libya",2015,,1.872699063242318
"Libya",2016,,2.084207680731031
"Libya",2017,,1.9775899316382513
"Madagascar",1995,,1.9495420229512934
"Madagascar",1996,,2.2160752122437692
"Madagascar",1997,,2.6008933047645337
"Madagascar",1998,,2.13200782224453
"Madagascar",1999,,1.8018120796184651
"Madagascar",2000,,2.210439078047985
"Madagascar",2001,,1.8003208015896774
"Madagascar",2002,,2.040482039650903
"Madagascar",2003,,3.0466255106856694
"Madagascar",2004,,2.5236114850380824
"Madagascar",2005,,2.574134159862416
"Madagascar",2006,,2.512182311605661
"Madagascar",2007,,2.5645183401959004
"Madagascar",2008,,2.445818189629384
"Madagascar",2009,,2.1535267659210007
"Madagascar",2010,,2.0021697073174014
"Madagascar",2011,,2.060995927602903
"Madagascar",2012,,2.022213247219705
"Madagascar",2013,,1.9348319345350822
"Madagascar",2014,,2.015927469911286
"Madagascar",2015,,1.8987937965041186
"Madagascar",2016,,1.9053532367744062
"Madagascar",2017,,1.8343200247994265
"Malawi",1995,,2.5634589471057474
"Malawi",1996,,2.8429492886104364
"Malawi",1997,,1.4025557713554297
"Malawi",1998,,2.5648683687501705
"Malawi",1999,,1.7620801450835315
"Malawi",2000,2.21,2.353096114495494
"Malawi",2001,,2.2515297121609263
"Malawi",2002,,2.0941112442390373
"Malawi",2003,,1.6406810049129756
"Malawi",2004,,1.9956941942000108
"Malawi",2005,,1.8158907470971517
"Malawi",2006,,1.778773294241475
"Malawi",2007,1.25,1.753627997760506
"Malawi",2008,1.55,1.7406153813645857
"Malawi",2009,,1.757056201139461
"Malawi",2010,,1.7062485953807314
"Malawi",2011,,1.6736935002149291
"Malawi",2012,1.92,1.6360163941112935
"Malawi",2013,,1.670420438588029
"Malawi",2014,,1.592263590325818
"Malawi",2015,,1.582012783635757
"Malawi",2016,,1.5210617679918559
"Malawi",2017,,1.5199815394506655
"Mali",1995,,2.007781317883282
"Mali",1996,,2.049406435114322
"Mali",1997,,1.9200387193292707
"Mali",1998,,2.0520059502360253
"Mali",1999,,1.9876312321539904
"Mali",2000,,2.0390214364026926
"Mali",2001,,2.0485297219942957
"Mali",2002,,1.7902549026200818
"Mali",2003,,1.8582233163678668
"Mali",2004,,1.8423610063383986
"Mali",2005,,1.7528108045346857
"Mali",2006,,1.7448676036298263
"Mali",2007,1.22,1.8742912050645173
"Mali",2008,1.78,1.8178800786768181
"Mali",2009,,1.8613919531221406
"Mali",2010,,1.7513292737183095
"Mali",2011,,1.7903069441067139
"Mali",2012,,1.591513270728155
"Mali",2013,,1.6031540381005924
"Mali",2014,,1.641242709900439
"Mali",2015,,1.596048552188443
"Mali",2016,,1.5536866445689395
"Mali",2017,,2.2324801477743526
"Mauritania",1995,,1.875076698041454
"Mauritania",1996,,2.252386787019475
"Mauritania",1997,,2.3009539910313865
"Mauritania",1998,,1.6457301601975223
"Mauritania",1999,,1.7046281649903308
"Mauritania",2000,2.09,1.788544398710068
"Mauritania",2001,,1.59102635086778
"Mauritania",2002,,1.8377825141124302
"Mauritania",2003,,2.094643851626884
"Mauritania",2004,,2.0141339758713706
"Mauritania",2005,,1.847144804652776
"Mauritania",2006,,1.7070928832330639
"Mauritania",2007,1.67,1.9155373916347394
"Mauritania",2008,2.35,1.529953361318178
"Mauritania",2009,,1.6636141619877218
"Mauritania",2010,,1.508227999787921
"Mauritania",2011,,1.5002913148395747
"Mauritania",2012,1.65,1.5506579141349701
"Mauritania",2013,,1.4650560855429218
"Mauritania",2014,,1.539583678768901
"Mauritania",2015,,1.5676601057467723
"Mauritania",2016,,1.6280344205678992
"Mauritania",2017,,1.61387873104742
"Mauritius",1995,,2.545182944859394
"Mauritius",1996,,4.482882017405704
"Mauritius",1997,,3.2352099968788726
"Mauritius",1998,,5.034849041948785
"Mauritius",1999,,3.946692482962224
"Mauritius",2000,5.36,5.232452146753912
"Mauritius",2001,,3.5276290243294124
"Mauritius",2002,,5.265404685681958
"Mauritius",2003,,5.079814526247639
"Mauritius",2004,,4.891254608289046
"Mauritius",2005,,5.157667986913374
"Mauritius",2006,,5.165314753941177
"Mauritius",2007,5.08,5.342733590239822
"Mauritius",2008,5.18,5.511592389032604
"Mauritius",2009,,5.596976009080177
"Mauritius",2010,,5.654049013820462
"Mauritius",2011,,5.739896174516494
"Mauritius",2012,5.52,5.830719876292972
"Mauritius",2013,,5.911358164663415
"Mauritius",2014,,6.093332403779178
"Mauritius",2015,,6.025116232300057
"Mauritius",2016,,5.900104057439371
"Mauritius",2017,,5.881416282892809
"Morocco",1995,,2.8913512676192967
"Morocco",1996,,3.7783801067408245
"Morocco",1997,,3.3720373401506154
"Morocco",1998,,3.4154610682512048
"Morocco",1999,,2.9621788503988085
"Morocco",2000,3.74,3.464006995071966
"Morocco",2001,,3.3351871936154938
"Morocco",2002,,3.0283220293772537
"Morocco",2003,,2.8141234884766675
"Morocco",2004,,2.8666955403187666
"Morocco",2005,,2.708186568762125
"Morocco",2006,,2.774320322504937
"Morocco",2007,3.3,3.206995392147087
"Morocco",2008,3.45,3.252100628481106
"Morocco",2009,,3.52875380916316
"Morocco",2010,,3.7143138175746033
"Morocco",2011,,3.7743664565344486
"Morocco",2012,3.61,3.7487602975951226
"Morocco",2013,,3.8301005706021134
"Morocco",2014,,3.9766329661061284
"Morocco",2015,,3.9628887131744226
"Morocco",2016,,3.903974527189792
"Morocco",2017,,3.7217702022328907
"Mozambique",1995,,1.7391391304057757
"Mozambique",1996,,1.8086614229640174
"Mozambique",1997,,2.186340522362894
"Mozambique",1998,,1.1125788930437706
"Mozambique",1999,,1.5985763884933122
"Mozambique",2000,1.76,1.4237436696935504
"Mozambique",2001,,1.4347052102859523
"Mozambique",2002,,1.2675751254049055
"Mozambique",2003,,1.5345188330823238
"Mozambique",2004,,1.1432289128463928
"Mozambique",2005,,1.2131719437595194
"Mozambique",2006,,1.2296782754539808
"Mozambique",2007,1.18,1.3115642768227826
"Mozambique",2008,1.71,1.3747707323299436
"Mozambique",2009,,1.406197659251195
"Mozambique",2010,,1.4588921250961335
"Mozambique",2011,,1.464510507911132
"Mozambique",2012,1.76,1.4261664402982759
"Mozambique",2013,,1.3799387415101876
"Mozambique",2014,,1.3633403780866469
"Mozambique",2015,,1.4012047867262658
"Mozambique",2016,,1.2584214463847285
"Mozambique",2017,,1.234025529297448
"mibia",1995,,3.652883580030114
"mibia",1996,,5.095101873983792
"mibia",1997,,3.330993179743704
"mibia",1998,,4.7833987143370535
"mibia",1999,,4.696068580574967
"mibia",2000,4.51,4.622744764309596
"mibia",2001,,4.306921176087799
"mibia",2002,,4.683573110416161
"mibia",2003,,4.497535783573015
"mibia",2004,,4.050711735483428
"mibia",2005,,4.1290777175033
"mibia",2006,,4.092970362756422
"mibia",2007,3.94,4.123088645316557
"mibia",2008,4.19,4.0891930676681945
"mibia",2009,,3.8594066772133115
"mibia",2010,,4.108779535819833
"mibia",2011,,3.4618638389981715
"mibia",2012,4.1,3.7874533855107253
"mibia",2013,,3.9784200165396917
"mibia",2014,,3.5981402931379103
"mibia",2015,,4.05615977512523
"mibia",2016,,4.2348223170177235
"mibia",2017,,4.021860715729294
"Niger",1995,,1.7475012220591042
"Niger",1996,,1.8717956108993605
"Niger",1997,,1.231946150973421
"Niger",1998,,1.6424695965955634
"Niger",1999,,1.3286389710941915
"Niger",2000,,1.4830143403472835
"Niger",2001,,1.994043045894663
"Niger",2002,,1.552481206857598
"Niger",2003,,1.5601998186602946
"Niger",2004,,1.479456416968834
"Niger",2005,,1.4469036115054221
"Niger",2006,,1.4399064213007722
"Niger",2007,,1.455362584250199
"Niger",2008,,1.4629745764184667
"Niger",2009,,1.5556958335441071
"Niger",2010,,1.608328223805389
"Niger",2011,,1.5523380748675408
"Niger",2012,,1.4552756219682497
"Niger",2013,,1.4422078624239871
"Niger",2014,,1.3236087568534893
"Niger",2015,,1.347851415394806
"Niger",2016,,1.36089211368011
"Niger",2017,,1.4398868446987687
"Nigeria",1995,,3.5638088571221123
"Nigeria",1996,,1.9625926455766298
"Nigeria",1997,,1.848771923734597
"Nigeria",1998,,2.0166614145642887
"Nigeria",1999,,1.812847899420233
"Nigeria",2000,2.09,1.8113318344081786
"Nigeria",2001,,1.8239788558364296
"Nigeria",2002,,1.4902773074654303
"Nigeria",2003,,1.6231152980014483
"Nigeria",2004,,1.4582128041815712
"Nigeria",2005,,1.7277108140586632
"Nigeria",2006,,1.708049901886119
"Nigeria",2007,1.84,1.71483651231478
"Nigeria",2008,2.04,1.7599068366643045
"Nigeria",2009,,1.75217753552342
"Nigeria",2010,,1.8776222160402418
"Nigeria",2011,,1.8700718052153502
"Nigeria",2012,2.2,1.851927495907875
"Nigeria",2013,,2.007134127581636
"Nigeria",2014,,1.8007199773816067
"Nigeria",2015,,1.830124526307725
"Nigeria",2016,,1.709994580194726
"Nigeria",2017,,1.7533081530434398
"Congo, Rep.",1995,,2.6526203067762877
"Congo, Rep.",1996,,2.28909836034011
"Congo, Rep.",1997,,2.453688874350828
"Congo, Rep.",1998,,1.4153897252133478
"Congo, Rep.",1999,,1.139782539089428
"Congo, Rep.",2000,,1.0241887647277723
"Congo, Rep.",2001,,1.5246335761632452
"Congo, Rep.",2002,,1.5137416486711563
"Congo, Rep.",2003,,1.4455617109177212
"Congo, Rep.",2004,,1.559705676768718
"Congo, Rep.",2005,,1.5799844126050662
"Congo, Rep.",2006,,1.8607440296194349
"Congo, Rep.",2007,,1.5557773719492793
"Congo, Rep.",2008,,1.6614460367640564
"Congo, Rep.",2009,,1.2399377802062346
"Congo, Rep.",2010,,1.6256720938947966
"Congo, Rep.",2011,,1.4075253499494256
"Congo, Rep.",2012,,1.372137706569756
"Congo, Rep.",2013,,1.4346027117981421
"Congo, Rep.",2014,,1.3686525338939202
"Congo, Rep.",2015,,1.3157975938604571
"Congo, Rep.",2016,,1.4111247051950224
"Congo, Rep.",2017,,1.9850269228828485
"Rwanda",1995,1.82,1.7531493225270869
"Rwanda",1996,,0.9514573262495101
"Rwanda",1997,,2.0745532248280156
"Rwanda",1998,,1.7102600353285236
"Rwanda",1999,,0.9487992092842168
"Rwanda",2000,2.07,0.8679359701103482
"Rwanda",2001,,1.792514885451034
"Rwanda",2002,,1.1589431476748704
"Rwanda",2003,,0.8761098129539295
"Rwanda",2004,,1.2949513458101025
"Rwanda",2005,,1.1967063381762748
"Rwanda",2006,,1.3547251984527335
"Rwanda",2007,0.84,1.3822891122512622
"Rwanda",2008,1.34,1.4473620022124942
"Rwanda",2009,,1.4350511435135522
"Rwanda",2010,,1.6356675405694725
"Rwanda",2011,,1.7856852051505059
"Rwanda",2012,1.83,1.8061463250606606
"Rwanda",2013,,1.8544789070975511
"Rwanda",2014,,1.9367053011258162
"Rwanda",2015,,1.981844730268308
"Rwanda",2016,,1.7587069174283445
"Rwanda",2017,,1.6842011203523657
"Sao Tome and Principe",1995,,2.5539677136203345
"Sao Tome and Principe",1996,,3.4626103176020635
"Sao Tome and Principe",1997,,2.475524127805559
"Sao Tome and Principe",1998,,2.9440954462962496
"Sao Tome and Principe",1999,,2.658451508644157
"Sao Tome and Principe",2000,,2.804281553581995
"Sao Tome and Principe",2001,,3.2801949007187945
"Sao Tome and Principe",2002,,2.921422536927429
"Sao Tome and Principe",2003,,2.717687326320137
"Sao Tome and Principe",2004,,2.7786036893797283
"Sao Tome and Principe",2005,,2.5698886844353073
"Sao Tome and Principe",2006,,2.281855092546463
"Sao Tome and Principe",2007,,2.596651767001643
"Sao Tome and Principe",2008,,2.4108669995664362
"Sao Tome and Principe",2009,,2.417025014851699
"Sao Tome and Principe",2010,,2.445332112273576
"Sao Tome and Principe",2011,,2.442982594656563
"Sao Tome and Principe",2012,,2.4384618947128622
"Sao Tome and Principe",2013,,2.4186497534356786
"Sao Tome and Principe",2014,,2.6906999271344723
"Sao Tome and Principe",2015,,2.8073695296644274
"Sao Tome and Principe",2016,,2.8718511388859547
"Sao Tome and Principe",2017,,2.892311070768277
"Senegal",1995,,1.8106561025181387
"Senegal",1996,,2.3323652254302853
"Senegal",1997,,1.509841165956053
"Senegal",1998,,2.5417412285540832
"Senegal",1999,,2.263786398074351
"Senegal",2000,3.15,2.4503964163784535
"Senegal",2001,,2.3231863179230863
"Senegal",2002,,2.2525684772740235
"Senegal",2003,,2.193924966390191
"Senegal",2004,,2.272691613927741
"Senegal",2005,,2.269290084127216
"Senegal",2006,,2.107527658156176
"Senegal",2007,2.38,2.2402443668212024
"Senegal",2008,2.63,2.151232158587334
"Senegal",2009,,2.1592459461966813
"Senegal",2010,,2.1046473921307465
"Senegal",2011,,2.2208950854559704
"Senegal",2012,2.7,2.3184723707573056
"Senegal",2013,,2.354856358136219
"Senegal",2014,,2.403413151694396
"Senegal",2015,,2.4221143819118724
"Senegal",2016,,2.404272459765526
"Senegal",2017,,2.44020701304747
"Seychelles",1995,,4.749443502417657
"Seychelles",1996,,6.322826559951678
"Seychelles",1997,,3.354148214670514
"Seychelles",1998,,5.361439098047066
"Seychelles",1999,,3.8665293117598156
"Seychelles",2000,,4.441357170878658
"Seychelles",2001,,4.09307018259299
"Seychelles",2002,,4.264259099454751
"Seychelles",2003,,4.373022480589952
"Seychelles",2004,,4.202913612921832
"Seychelles",2005,,4.528992339438502
"Seychelles",2006,,4.304354850556195
"Seychelles",2007,,4.359634305026894
"Seychelles",2008,,4.312049111612507
"Seychelles",2009,,3.9068231312123705
"Seychelles",2010,,4.0155275286650545
"Seychelles",2011,,4.181276032861779
"Seychelles",2012,,4.198612623085633
"Seychelles",2013,,4.359227139257131
"Seychelles",2014,,4.269401503516286
"Seychelles",2015,,4.79026322900114
"Seychelles",2016,,4.934505838718472
"Seychelles",2017,,3.8606814019106643
"Sierra Leone",1995,,2.243585322315613
"Sierra Leone",1996,,0.9971596045959878
"Sierra Leone",1997,,1.4684723339745096
"Sierra Leone",1998,,0.9684440523425577
"Sierra Leone",1999,,0.8652081971974979
"Sierra Leone",2000,,0.5496731322658173
"Sierra Leone",2001,,1.3502687437458913
"Sierra Leone",2002,,0.5646214859166507
"Sierra Leone",2003,,0.7328204331629267
"Sierra Leone",2004,,1.1343752993749456
"Sierra Leone",2005,,0.6870313729115578
"Sierra Leone",2006,,0.7609893649604902
"Sierra Leone",2007,0.62,0.7936883359633509
"Sierra Leone",2008,0.91,0.7202457705583791
"Sierra Leone",2009,,1.0452017421848567
"Sierra Leone",2010,,0.8293002138003449
"Sierra Leone",2011,,0.9307007633948317
"Sierra Leone",2012,0.97,0.9786954812704773
"Sierra Leone",2013,,0.9733855404280569
"Sierra Leone",2014,,1.1326271799476988
"Sierra Leone",2015,,0.8870274801760605
"Sierra Leone",2016,,0.9591675422191908
"Sierra Leone",2017,,0.9811009363326466
"South Africa",1995,,4.659371134248701
"South Africa",1996,,4.453100002564874
"South Africa",1997,,4.245646409598506
"South Africa",1998,,6.040637386092329
"South Africa",1999,,5.83608609921589
"South Africa",2000,5.77,5.757713592519637
"South Africa",2001,,5.313471869918235
"South Africa",2002,,5.698288211676955
"South Africa",2003,,5.749892574618205
"South Africa",2004,,5.588453646829717
"South Africa",2005,,5.682959680729679
"South Africa",2006,,5.711533961067994
"South Africa",2007,5.64,5.431495792999454
"South Africa",2008,5.55,5.279139715292895
"South Africa",2009,,5.190413731838234
"South Africa",2010,,5.27632206520277
"South Africa",2011,,5.378412754926149
"South Africa",2012,5.21,5.3165254679785505
"South Africa",2013,,5.276414546652875
"South Africa",2014,,5.329733603919176
"South Africa",2015,,5.357710027344182
"South Africa",2016,,5.118763379849631
"South Africa",2017,,3.8405639302054584
"Sudan",1995,,2.192074136060088
"Sudan",1996,,1.2783412141546742
"Sudan",1997,,1.8047621612949243
"Sudan",1998,,1.3893698895681905
"Sudan",1999,,2.007710762870431
"Sudan",2000,1.35,1.557901526892941
"Sudan",2001,,2.147510458678169
"Sudan",2002,,1.2753920098727622
"Sudan",2003,,1.2232911853881023
"Sudan",2004,,1.3160738447308185
"Sudan",2005,,1.1527972296981486
"Sudan",2006,,1.2836436035606047
"Sudan",2007,1.39,1.2504075985250118
"Sudan",2008,,1.1807805456464218
"Sudan",2009,,1.2560968555546137
"Sudan",2010,,1.4042611646349021
"Sudan",2011,,1.333985473436487
"Sudan",2012,1.48,1.413191347286344
"Sudan",2013,,1.38111821456053
"Sudan",2014,,1.372485598528383
"Sudan",2015,,1.341914051484479
"Sudan",2016,,1.2397897093529329
"Sudan",2017,,1.261152605618145
"Tanzania",1995,2.85,1.897796985377496
"Tanzania",1996,,2.135157169852467
"Tanzania",1997,,1.9419380102495944
"Tanzania",1998,,2.2031460154639975
"Tanzania",1999,,1.909391282976637
"Tanzania",2000,2.02,1.7421129632834695
"Tanzania",2001,,1.5795019988776886
"Tanzania",2002,,1.838200163303977
"Tanzania",2003,,2.0105656074985596
"Tanzania",2004,,2.0322943930433914
"Tanzania",2005,,1.9067731349304058
"Tanzania",2006,,2.001446363956542
"Tanzania",2007,1.7,2.001936079634546
"Tanzania",2008,2.28,1.8977690412352004
"Tanzania",2009,,2.6161387625335673
"Tanzania",2010,,1.8084431322445633
"Tanzania",2011,,1.713408837772961
"Tanzania",2012,1.79,1.6368135971708422
"Tanzania",2013,,1.7330680235949498
"Tanzania",2014,,1.9370989105846053
"Tanzania",2015,,1.7001759372817538
"Tanzania",2016,,1.9069827459377624
"Tanzania",2017,,1.7437333937923043
"Gambia, The",1995,,1.939401373232545
"Gambia, The",1996,,2.3903460723870316
"Gambia, The",1997,,2.5474556095256204
"Gambia, The",1998,,2.437270610636361
"Gambia, The",1999,,2.4733871471417634
"Gambia, The",2000,,2.9644795371431103
"Gambia, The",2001,,2.7782150424101486
"Gambia, The",2002,,2.6381013012789367
"Gambia, The",2003,,2.6306779897655383
"Gambia, The",2004,,1.83660460350836
"Gambia, The",2005,,1.887845061565041
"Gambia, The",2006,,1.9832935485799401
"Gambia, The",2007,,1.9847804800733257
"Gambia, The",2008,,2.303860766894953
"Gambia, The",2009,,2.2033081984696743
"Gambia, The",2010,,2.0757585375362426
"Gambia, The",2011,,1.6626167534770442
"Gambia, The",2012,,1.6021638423983848
"Gambia, The",2013,,1.6939973011832734
"Gambia, The",2014,,1.67945677463068
"Gambia, The",2015,,1.629517513486539
"Gambia, The",2016,,1.741676436917944
"Gambia, The",2017,,2.646620806386378
"Togo",1995,,2.133973101341458
"Togo",1996,,2.471205139433587
"Togo",1997,,2.1693673662682444
"Togo",1998,,2.5206097265939422
"Togo",1999,,2.8307884913566035
"Togo",2000,,2.3556753679738502
"Togo",2001,,2.8872089379905557
"Togo",2002,,2.240417732652804
"Togo",2003,,2.1353041125227703
"Togo",2004,,1.967726642449428
"Togo",2005,,1.9797704330902528
"Togo",2006,,1.921866126434086
"Togo",2007,,1.9340561203126083
"Togo",2008,,2.2931115747288002
"Togo",2009,,2.001979752743611
"Togo",2010,,1.8190622637491956
"Togo",2011,,1.8642683060391212
"Togo",2012,,1.7044457383179967
"Togo",2013,,1.6641394732725212
"Togo",2014,,1.9009841282944824
"Togo",2015,,2.104673523668554
"Togo",2016,,2.117144074132171
"Togo",2017,,2.018817853783805
"Tunisia",1995,,4.191859301626732
"Tunisia",1996,,4.0703723274909
"Tunisia",1997,,3.396692747930925
"Tunisia",1998,,4.034295166122086
"Tunisia",1999,,3.7817473897030904
"Tunisia",2000,4.15,4.148753143980549
"Tunisia",2001,,3.605212846912336
"Tunisia",2002,,4.005311219717348
"Tunisia",2003,,4.016261884226484
"Tunisia",2004,,4.174177705132776
"Tunisia",2005,,4.144145859721101
"Tunisia",2006,,4.416607500061732
"Tunisia",2007,4.52,4.753427217302693
"Tunisia",2008,4.73,4.91630103701498
"Tunisia",2009,,4.804856804636129
"Tunisia",2010,,4.750499647607402
"Tunisia",2011,,4.54035604902197
"Tunisia",2012,4.56,4.436108996081435
"Tunisia",2013,,4.239585365140105
"Tunisia",2014,,4.18760849586222
"Tunisia",2015,,4.124731507992793
"Tunisia",2016,,4.20540143343166
"Tunisia",2017,,4.007199510989117
"Uganda",1995,,2.3816432579060853
"Uganda",1996,,2.157487932425797
"Uganda",1997,,2.5874686739432446
"Uganda",1998,,3.084573805438819
"Uganda",1999,,1.9901143303991355
"Uganda",2000,2.16,2.2131865645255706
"Uganda",2001,,2.4687695791904707
"Uganda",2002,,2.4258496897295094
"Uganda",2003,,2.3235442034192086
"Uganda",2004,,2.102873032058687
"Uganda",2005,,2.2100457415932997
"Uganda",2006,,2.246277052322677
"Uganda",2007,2.05,1.9305937665764406
"Uganda",2008,2.46,2.266357104185633
"Uganda",2009,,2.1610732535638886
"Uganda",2010,,2.275648375649412
"Uganda",2011,,2.077745704695894
"Uganda",2012,2.37,2.185390362955329
"Uganda",2013,,2.20321562676368
"Uganda",2014,,1.9445426434165551
"Uganda",2015,,2.428840492108873
"Uganda",2016,,2.667794487924078
"Uganda",2017,,2.4247928426665917
"Zambia",1995,,2.6460993451049513
"Zambia",1996,,2.522134869295452
"Zambia",1997,,2.613398726733895
"Zambia",1998,,2.471152552246396
"Zambia",1999,,2.0223896999300095
"Zambia",2000,2.74,2.2124859188468804
"Zambia",2001,,2.024788374022925
"Zambia",2002,,1.9323799727558475
"Zambia",2003,,2.115902344300228
"Zambia",2004,,2.3928921881394474
"Zambia",2005,,2.8295235345487555
"Zambia",2006,,2.8462513260374633
"Zambia",2007,1.47,2.7328674376558633
"Zambia",2008,,2.5605830293278915
"Zambia",2009,,2.6041535551955737
"Zambia",2010,,3.0289000744080354
"Zambia",2011,,2.146472611559946
"Zambia",2012,2.56,2.1401129900924554
"Zambia",2013,,2.645222565966182
"Zambia",2014,,2.428543576805372
"Zambia",2015,,2.1962252346193827
"Zambia",2016,,2.454124251439632
"Zambia",2017,,2.079515919995183
"Zimbabwe",1995,,3.2995198562301016
"Zimbabwe",1996,,3.1898954831439275
"Zimbabwe",1997,,3.1604594097858674
"Zimbabwe",1998,,3.554747267978135
"Zimbabwe",1999,,2.9359359800322817
"Zimbabwe",2000,2.66,2.5691090931207565
"Zimbabwe",2001,,3.494011930108608
"Zimbabwe",2002,,2.2730204993434793
"Zimbabwe",2003,,2.028184585630037
"Zimbabwe",2004,,2.252881774806009
"Zimbabwe",2005,,1.7476288310782788
"Zimbabwe",2006,,1.6516143565635462
"Zimbabwe",2007,2.48,1.7216531891260378
"Zimbabwe",2008,2.51,1.598173150252427
"Zimbabwe",2009,,1.7548188375651397
"Zimbabwe",2010,,1.5604118989981686
"Zimbabwe",2011,,1.581306811569609
"Zimbabwe",2012,2.17,1.8420615299172858
"Zimbabwe",2013,,1.8742933768680965
"Zimbabwe",2014,,2.094201353921523
"Zimbabwe",2015,,2.089090079002995
"Zimbabwe",2016,,2.24291549558743
"Zimbabwe",2017,,2.2390197635525926
"Argentina",1995,,6.2254050402756125
"Argentina",1996,,6.161266415092994
"Argentina",1997,,5.926643868837539
"Argentina",1998,,6.149751424036055
"Argentina",1999,,6.246632270194564
"Argentina",2000,6.56,6.225017069758708
"Argentina",2001,,6.057721701034511
"Argentina",2002,,5.11200724280035
"Argentina",2003,,5.1944914880223525
"Argentina",2004,,5.215633571528683
"Argentina",2005,,5.366239441058875
"Argentina",2006,,5.387032834701779
"Argentina",2007,5.49,5.413022782568485
"Argentina",2008,5.49,5.399815981039547
"Argentina",2009,,5.435991107283893
"Argentina",2010,,5.687534593343132
"Argentina",2011,,5.783062369295987
"Argentina",2012,5.43,5.6532530850963765
"Argentina",2013,,5.707671300933187
"Argentina",2014,,5.58980957504658
"Argentina",2015,,5.721877056062728
"Argentina",2016,,6.0818341011003945
"Argentina",2017,,5.417630446303686
"Brazil",1995,,5.698780544442424
"Brazil",1996,,5.293991916977472
"Brazil",1997,,5.095072131944157
"Brazil",1998,,5.46671770053713
"Brazil",1999,,5.802926029154127
"Brazil",2000,5.48,5.228515427263666
"Brazil",2001,,5.571344516463922
"Brazil",2002,,6.0700591870669065
"Brazil",2003,,5.822890014154592
"Brazil",2004,,5.709163485221578
"Brazil",2005,,5.611797198890408
"Brazil",2006,,5.563047882573443
"Brazil",2007,5.5,5.551364048218393
"Brazil",2008,5.57,5.72644144269711
"Brazil",2009,,5.843718507808607
"Brazil",2010,,5.476132536165807
"Brazil",2011,,6.0018005976814495
"Brazil",2012,5.58,5.876022439665258
"Brazil",2013,,5.903669028021421
"Brazil",2014,,5.8297918744402635
"Brazil",2015,,5.6903755097304245
"Brazil",2016,,5.642353837240495
"Brazil",2017,,5.060262892532608
"China",1995,,3.281375933494805
"China",1996,,2.9370297919650836
"China",1997,,3.009910701348357
"China",1998,,3.046409298406577
"China",1999,,2.988801514446811
"China",2000,3.83,3.1289805386937912
"China",2001,,3.172437136638198
"China",2002,,3.2649660664805857
"China",2003,,3.5003088675575227
"China",2004,,3.9096433003674895
"China",2005,,4.076466284495737
"China",2006,,4.044419929924149
"China",2007,4.42,4.26655506698939
"China",2008,4.35,4.470087207840378
"China",2009,,4.558195403686849
"China",2010,,4.653095037105801
"China",2011,,4.709930573365465
"China",2012,4.37,4.686535962462871
"China",2013,,4.6756493806978945
"China",2014,,4.62004896389566
"China",2015,,4.800393052423528
"China",2016,,4.831882050194747
"China",2017,,5.313691481125534
"Colombia",1995,,4.647180839876382
"Colombia",1996,,4.005403939281212
"Colombia",1997,,4.872349732202689
"Colombia",1998,,4.19588280330745
"Colombia",1999,,4.467673921200897
"Colombia",2000,4.54,3.9943733979844227
"Colombia",2001,,4.616273477444981
"Colombia",2002,,4.019586467343792
"Colombia",2003,,4.069281733375897
"Colombia",2004,,3.9002263807894613
"Colombia",2005,,4.072579930262644
"Colombia",2006,,4.338313729995336
"Colombia",2007,4.32,4.681362313088436
"Colombia",2008,4.42,4.787310989305233
"Colombia",2009,,4.833170545657524
"Colombia",2010,,5.001616374381456
"Colombia",2011,,5.1485256466147025
"Colombia",2012,4.94,5.102273960485894
"Colombia",2013,,5.10915422596251
"Colombia",2014,,5.182496253033332
"Colombia",2015,,5.1762167492113855
"Colombia",2016,,5.12549396402182
"Colombia",2017,,5.189128182819596
"Czech Republic",1995,7.53,7.147840276905983
"Czech Republic",1996,,7.697244146912681
"Czech Republic",1997,,7.038908144290074
"Czech Republic",1998,,7.410323283892141
"Czech Republic",1999,,7.309807185811437
"Czech Republic",2000,7.46,7.210807166305321
"Czech Republic",2001,,6.941810112760747
"Czech Republic",2002,,7.581471954354584
"Czech Republic",2003,,7.666091492403957
"Czech Republic",2004,,7.545585758345682
"Czech Republic",2005,,7.672981510586591
"Czech Republic",2006,,7.845632546569709
"Czech Republic",2007,7.64,7.853825520723593
"Czech Republic",2008,7.83,8.060693147979952
"Czech Republic",2009,7.97,8.185658656767664
"Czech Republic",2010,,8.212348440829473
"Czech Republic",2011,,8.205933596717907
"Czech Republic",2012,8.14,8.144783722640481
"Czech Republic",2013,,8.236361361134934
"Czech Republic",2014,,8.227132906298431
"Czech Republic",2015,,8.169291375422981
"Czech Republic",2016,,8.000986130351334
"Czech Republic",2017,,7.378412875715535
"Egypt, Arab Rep.",1995,,4.0151284266331295
"Egypt, Arab Rep.",1996,,4.0554540477628445
"Egypt, Arab Rep.",1997,,4.0107136708549795
"Egypt, Arab Rep.",1998,,4.5387867325246685
"Egypt, Arab Rep.",1999,,4.321960989658592
"Egypt, Arab Rep.",2000,,4.239863990035224
"Egypt, Arab Rep.",2001,,3.7245295756840213
"Egypt, Arab Rep.",2002,,4.073994231595117
"Egypt, Arab Rep.",2003,,3.9470453343141436
"Egypt, Arab Rep.",2004,,4.0676641879970035
"Egypt, Arab Rep.",2005,,4.122889729303698
"Egypt, Arab Rep.",2006,,3.9213564099171228
"Egypt, Arab Rep.",2007,,4.010736721050376
"Egypt, Arab Rep.",2008,,4.115609905080424
"Egypt, Arab Rep.",2009,,3.6311930676103743
"Egypt, Arab Rep.",2010,,3.6979004805661972
"Egypt, Arab Rep.",2011,,3.571157571758693
"Egypt, Arab Rep.",2012,,3.48754477310153
"Egypt, Arab Rep.",2013,,3.2942290883317993
"Egypt, Arab Rep.",2014,,3.190814441196663
"Egypt, Arab Rep.",2015,,3.356953703529811
"Egypt, Arab Rep.",2016,,3.2639508924686664
"Egypt, Arab Rep.",2017,,3.493809851620217
"Greece",1995,7.75,7.3305393703383555
"Greece",1996,,7.324637453237244
"Greece",1997,,7.2978718682298185
"Greece",1998,,7.189514232622035
"Greece",1999,,7.257004896832402
"Greece",2000,7.6,7.19498371694352
"Greece",2001,,7.222297079227859
"Greece",2002,,7.364622370879416
"Greece",2003,,7.3182538113990265
"Greece",2004,,7.273316826018057
"Greece",2005,,7.354176023732053
"Greece",2006,,7.448274896601388
"Greece",2007,7.29,7.446300878503621
"Greece",2008,7.38,7.2190559152381955
"Greece",2009,7.39,7.374613830559939
"Greece",2010,,7.737148864155703
"Greece",2011,,7.67024030355011
"Greece",2012,7.51,7.6490017511209425
"Greece",2013,,7.780996844700768
"Greece",2014,,7.614697194644631
"Greece",2015,,7.635881048405088
"Greece",2016,,7.5393179865241855
"Greece",2017,,6.82630015236955
"Hungary",1995,7.27,6.492002051945818
"Hungary",1996,,7.266946246193992
"Hungary",1997,,6.585134887664757
"Hungary",1998,,7.36535733639967
"Hungary",1999,,6.590014893751617
"Hungary",2000,7.81,7.496222209359274
"Hungary",2001,,7.331916048080281
"Hungary",2002,,7.6780759288914435
"Hungary",2003,,7.6386664271270845
"Hungary",2004,,7.609820348580753
"Hungary",2005,,7.68158834528422
"Hungary",2006,,8.01360317664551
"Hungary",2007,7.64,8.052996317582846
"Hungary",2008,7.85,8.130635925976502
"Hungary",2009,8.0,8.026475000083028
"Hungary",2010,,7.992520589609848
"Hungary",2011,,7.982166770938676
"Hungary",2012,8.02,7.900625261132994
"Hungary",2013,,7.942076693380315
"Hungary",2014,,7.7702538606448694
"Hungary",2015,,7.647321618246632
"Hungary",2016,,7.606716709248479
"Hungary",2017,,7.162083392150736
"India",1995,,3.1382264695946627
"India",1996,,3.175585728901521
"India",1997,,3.06444081183444
"India",1998,,4.045302582586164
"India",1999,,2.8812724086713732
"India",2000,3.14,3.0365482196866864
"India",2001,,2.747828647030085
"India",2002,,2.65043752771947
"India",2003,,2.7377826487139494
"India",2004,,2.6228381756184262
"India",2005,,2.85668992698044
"India",2006,,2.6542282337546728
"India",2007,3.0,2.8546576112681468
"India",2008,3.12,2.8023654347876756
"India",2009,,2.699874856621366
"India",2010,,2.876051525757924
"India",2011,,2.8730602936224026
"India",2012,3.06,2.854007133001198
"India",2013,,2.8078916912097833
"India",2014,,2.9559717389987994
"India",2015,,2.989825553961275
"India",2016,,3.1418237663252135
"India",2017,,3.438425817785276
"Indonesia",1995,,2.966403743253636
"Indonesia",1996,,3.3776334384542195
"Indonesia",1997,,3.6728371605271493
"Indonesia",1998,,2.9706398658212603
"Indonesia",1999,,3.6851734275438237
"Indonesia",2000,3.02,2.794842255602119
"Indonesia",2001,,3.204822757910868
"Indonesia",2002,,2.484421008238236
"Indonesia",2003,,2.4435063853891306
"Indonesia",2004,,2.4874018082199756
"Indonesia",2005,,2.4845010906239846
"Indonesia",2006,,2.5784179314308275
"Indonesia",2007,3.29,2.75162004797094
"Indonesia",2008,3.23,2.829159747646801
"Indonesia",2009,,2.95340918477162
"Indonesia",2010,,3.038174376131522
"Indonesia",2011,,3.001277443491972
"Indonesia",2012,3.11,3.0442154110354593
"Indonesia",2013,,2.983628703490148
"Indonesia",2014,,2.989533135141751
"Indonesia",2015,,2.8175304385698787
"Indonesia",2016,,2.9403468315299177
"Indonesia",2017,,3.2269464249046185
"Israel",1995,,7.413770931019815
"Israel",1996,,7.776923198583564
"Israel",1997,,7.187248239051631
"Israel",1998,,7.73336353333112
"Israel",1999,,7.8911078557921694
"Israel",2000,8.8,8.068402185323274
"Israel",2001,,7.517955001628998
"Israel",2002,,7.70713117739747
"Israel",2003,,7.806130705073693
"Israel",2004,,7.831754134670678
"Israel",2005,,7.89031504925547
"Israel",2006,,7.9947145170121985
"Israel",2007,8.16,8.201528512839074
"Israel",2008,8.22,8.31469066743596
"Israel",2009,,8.225722973034118
"Israel",2010,,8.227141561983117
"Israel",2011,,8.319574444165443
"Israel",2012,8.14,8.192962780129912
"Israel",2013,,8.059580521488007
"Israel",2014,,8.128569478030157
"Israel",2015,,8.09965565073008
"Israel",2016,,8.021930439306523
"Israel",2017,,7.193265296757366
"Malaysia",1995,,5.088850135931722
"Malaysia",1996,,5.892229248179931
"Malaysia",1997,,5.186585693658266
"Malaysia",1998,,5.849973055670545
"Malaysia",1999,,5.6213486970763045
"Malaysia",2000,6.37,5.8884623753394845
"Malaysia",2001,,5.272991019802778
"Malaysia",2002,,5.868430043677111
"Malaysia",2003,,6.0340864358237685
"Malaysia",2004,,5.994052001592841
"Malaysia",2005,,6.005354012632191
"Malaysia",2006,,5.905737002744903
"Malaysia",2007,6.23,5.830381485815877
"Malaysia",2008,6.06,5.6764824445673225
"Malaysia",2009,,5.665305445766622
"Malaysia",2010,,5.85290044213146
"Malaysia",2011,,5.8577380464255375
"Malaysia",2012,6.1,5.950329271032527
"Malaysia",2013,,5.739963361922826
"Malaysia",2014,,5.954337047582118
"Malaysia",2015,,5.924464837714584
"Malaysia",2016,,5.898795412497437
"Malaysia",2017,,5.880579285055158
"Mexico",1995,,5.156918687908014
"Mexico",1996,,4.706076155821433
"Mexico",1997,,5.0442380084735525
"Mexico",1998,,4.961726127674458
"Mexico",1999,,5.919497029896807
"Mexico",2000,5.43,4.942173150116878
"Mexico",2001,,6.014932580326446
"Mexico",2002,,5.3441459025205
"Mexico",2003,,5.30200693900758
"Mexico",2004,,5.32191691629422
"Mexico",2005,,5.173348926620081
"Mexico",2006,,5.047300795908239
"Mexico",2007,5.35,5.200191881215415
"Mexico",2008,5.45,5.156518614273643
"Mexico",2009,,5.149489650465959
"Mexico",2010,,5.200338813742595
"Mexico",2011,,5.236152477561919
"Mexico",2012,5.07,5.309631770865708
"Mexico",2013,,5.27666389030752
"Mexico",2014,,5.31546749151841
"Mexico",2015,,5.509867836311868
"Mexico",2016,,5.439950176006544
"Mexico",2017,,5.194752710199644
"Pakistan",1995,,3.9755938630610252
"Pakistan",1996,,3.581986834819886
"Pakistan",1997,,3.527656887701485
"Pakistan",1998,,3.585395200322944
"Pakistan",1999,,3.6178925657705006
"Pakistan",2000,2.12,1.9776904380397473
"Pakistan",2001,,2.1694262108324827
"Pakistan",2002,,2.050029636756326
"Pakistan",2003,,1.6160171454758734
"Pakistan",2004,,1.6870210991958965
"Pakistan",2005,,1.7406387341037854
"Pakistan",2006,,1.8709026245556495
"Pakistan",2007,1.89,1.9027239896841843
"Pakistan",2008,2.24,1.8294221495557874
"Pakistan",2009,,1.8780745961188705
"Pakistan",2010,,1.8857037303946127
"Pakistan",2011,,1.79318725308653
"Pakistan",2012,2.45,1.754568100762182
"Pakistan",2013,,1.758880848981529
"Pakistan",2014,,1.7566818180360109
"Pakistan",2015,,1.7744757776757702
"Pakistan",2016,,1.7627851355913382
"Pakistan",2017,,2.0828851024589063
"Peru",1995,4.93,4.764980860083131
"Peru",1996,,4.4469400824951695
"Peru",1997,,4.550270907592632
"Peru",1998,,4.880932121941366
"Peru",1999,,4.692207668282334
"Peru",2000,4.99,4.5606044928592
"Peru",2001,,4.68973496185173
"Peru",2002,,4.257945518902516
"Peru",2003,,4.074259561041348
"Peru",2004,,4.206784626116604
"Peru",2005,,3.9886589090427207
"Peru",2006,,4.193096058484168
"Peru",2007,4.43,4.584033260941538
"Peru",2008,4.64,4.431793040719969
"Peru",2009,,4.593003109986403
"Peru",2010,,4.635940737477795
"Peru",2011,,4.605222731245654
"Peru",2012,5.01,4.759821563994923
"Peru",2013,,4.697700902768222
"Peru",2014,,4.480141503261828
"Peru",2015,,4.296038307792756
"Peru",2016,,4.644149154982627
"Peru",2017,,4.698464164009054
"Philippines",1995,,4.557455324229998
"Philippines",1996,,4.957362911609324
"Philippines",1997,,4.869601774849178
"Philippines",1998,,4.985384410990165
"Philippines",1999,,4.5494661060691985
"Philippines",2000,4.59,4.19260342572359
"Philippines",2001,,4.619377027820511
"Philippines",2002,,4.400128601289833
"Philippines",2003,,4.348392101220272
"Philippines",2004,,4.08006120328114
"Philippines",2005,,4.143973421328665
"Philippines",2006,,3.972658802099112
"Philippines",2007,4.48,3.8421119106042387
"Philippines",2008,4.25,3.7973189192590833
"Philippines",2009,,3.7857613500761658
"Philippines",2010,,3.776286791762816
"Philippines",2011,,3.844776884599712
"Philippines",2012,3.94,4.041581616077184
"Philippines",2013,,4.2030270145621
"Philippines",2014,,4.286979474538048
"Philippines",2015,,4.386795421162777
"Philippines",2016,,4.317715182741564
"Philippines",2017,,4.079532254739944
"Poland",1995,6.69,6.544191018316209
"Poland",1996,,6.959552536779666
"Poland",1997,,6.114344585441394
"Poland",1998,,7.175996953857318
"Poland",1999,,6.696839889616469
"Poland",2000,7.23,7.195045241842388
"Poland",2001,,7.245970782679744
"Poland",2002,,7.348594865794656
"Poland",2003,,7.265613620995368
"Poland",2004,,7.197998337338879
"Poland",2005,,7.23276452540877
"Poland",2006,,7.315622596410605
"Poland",2007,7.24,7.384586097171959
"Poland",2008,7.38,7.395701286284321
"Poland",2009,7.41,7.521766177281455
"Poland",2010,,7.503076270523829
"Poland",2011,,7.499381185891435
"Poland",2012,7.41,7.390375725567302
"Poland",2013,,7.6619605597062534
"Poland",2014,,7.687899076943858
"Poland",2015,,7.576724794116444
"Poland",2016,,7.44786549034296
"Poland",2017,,6.5637383413537425
"Qatar",1995,,5.938896623525157
"Qatar",1996,,5.872907476347583
"Qatar",1997,,5.825218932202063
"Qatar",1998,,5.743202549590562
"Qatar",1999,,6.054417803764771
"Qatar",2000,6.01,5.947913114764166
"Qatar",2001,,6.04703537875662
"Qatar",2002,,5.927329292168617
"Qatar",2003,,5.9207095071886835
"Qatar",2004,,5.825249957633159
"Qatar",2005,,5.940844995102042
"Qatar",2006,,5.808224312076771
"Qatar",2007,6.17,5.690012960506651
"Qatar",2008,6.15,5.886639578831272
"Qatar",2009,,6.201311233716185
"Qatar",2010,,6.300292148591533
"Qatar",2011,,6.320197024113616
"Qatar",2012,5.84,6.0449180616217575
"Qatar",2013,,6.000382787313709
"Qatar",2014,,5.996027036590059
"Qatar",2015,,6.132079799234012
"Qatar",2016,,6.099266703396291
"Qatar",2017,,5.56174329567687
"Russian Federation",1995,,5.964387529930578
"Russian Federation",1996,,5.244111597085171
"Russian Federation",1997,,5.339009080863179
"Russian Federation",1998,,5.096956267359847
"Russian Federation",1999,,5.443283938974796
"Russian Federation",2000,5.28,5.119260264227369
"Russian Federation",2001,,5.630587815292889
"Russian Federation",2002,,5.379190798637152
"Russian Federation",2003,,5.223511224040291
"Russian Federation",2004,,5.069158320907574
"Russian Federation",2005,,4.968703099227314
"Russian Federation",2006,,4.871186920829052
"Russian Federation",2007,5.94,5.027737863251022
"Russian Federation",2008,5.58,4.9477457645404606
"Russian Federation",2009,,5.258553759479062
"Russian Federation",2010,,5.198589264828376
"Russian Federation",2011,,5.698562702177704
"Russian Federation",2012,5.78,5.918022918996218
"Russian Federation",2013,,6.02628410164338
"Russian Federation",2014,,5.982473034729047
"Russian Federation",2015,,5.926819022109957
"Russian Federation",2016,,5.883372329131136
"Russian Federation",2017,,5.099911905676642
"Saudi Arabia",1995,,4.728554527833726
"Saudi Arabia",1996,,4.518953373053467
"Saudi Arabia",1997,,4.369854497186452
"Saudi Arabia",1998,,4.22149761118703
"Saudi Arabia",1999,,4.421994286069934
"Saudi Arabia",2000,4.6,4.365538675766711
"Saudi Arabia",2001,,4.379173811281317
"Saudi Arabia",2002,,4.923726370107962
"Saudi Arabia",2003,,4.800284887790894
"Saudi Arabia",2004,,4.616909113861784
"Saudi Arabia",2005,,4.5878137660959855
"Saudi Arabia",2006,,4.6392185361049085
"Saudi Arabia",2007,4.76,4.96901841862054
"Saudi Arabia",2008,5.15,4.956073616684034
"Saudi Arabia",2009,,5.300712374661057
"Saudi Arabia",2010,,5.043889816951334
"Saudi Arabia",2011,,5.1221194472507685
"Saudi Arabia",2012,5.96,5.694992662920731
"Saudi Arabia",2013,,6.053806649223054
"Saudi Arabia",2014,,5.933767099102109
"Saudi Arabia",2015,,5.798325498720539
"Saudi Arabia",2016,,5.823367377371341
"Saudi Arabia",2017,,4.8764417127274235
"Thailand",1995,,5.440630938860949
"Thailand",2000,5.47,5.290848048956394
"Thailand",2007,5.41,5.562964242808346
"Thailand",2008,5.44,5.345568874955072
"Thailand",2009,,5.798958782638767
"Thailand",2012,5.21,4.656054674933655
"Turkey",1995,5.12,5.4604692614814905
"Turkey",1996,,5.313946730532783
"Turkey",1997,,5.729600021018378
"Turkey",1998,,5.52573211058751
"Turkey",1999,,5.293051145314806
"Turkey",2000,5.42,5.171376531786443
"Turkey",2001,,5.463333531795029
"Turkey",2002,,5.325497220532718
"Turkey",2003,,5.313187604936174
"Turkey",2004,,5.203473580004051
"Turkey",2005,,5.26051734485299
"Turkey",2006,,5.340020689450453
"Turkey",2007,5.56,5.561208132696006
"Turkey",2008,5.68,5.56196227188162
"Turkey",2009,5.55,5.350775762211245
"Turkey",2010,,5.4719003905187025
"Turkey",2011,,5.523086503190264
"Turkey",2012,5.16,5.380658152008618
"Turkey",2013,,5.743567761388484
"Turkey",2014,,5.692194760483804
"Turkey",2015,,5.528263900717026
"Turkey",2016,,5.473261805030226
"Turkey",2017,,4.609205566742111
"United Arab Emirates",1995,,5.969585458601982
"United Arab Emirates",1996,,6.523237520438897
"United Arab Emirates",1997,,6.611743801095018
"United Arab Emirates",1998,,6.495431316029265
"United Arab Emirates",1999,,6.800107797954636
"United Arab Emirates",2000,6.05,6.669042957888326
"United Arab Emirates",2001,,6.977413003141485
"United Arab Emirates",2002,,6.637096842067001
"United Arab Emirates",2003,,6.374043265380925
"United Arab Emirates",2004,,6.115779258986603
"United Arab Emirates",2005,,6.235359208075119
"United Arab Emirates",2006,,6.573312285970519
"United Arab Emirates",2007,5.78,6.440363909539959
"United Arab Emirates",2008,6.66,6.382123802155403
"United Arab Emirates",2009,,6.244322428291468
"United Arab Emirates",2010,,5.932072553475024
"United Arab Emirates",2011,,6.448220409298519
"United Arab Emirates",2012,6.94,6.440653323060194
"United Arab Emirates",2013,,6.9395244188084035
"United Arab Emirates",2014,,6.755794506640222
"United Arab Emirates",2015,,6.923359641670268
"United Arab Emirates",2016,,6.878978180865762
"United Arab Emirates",2017,,6.405497555209555
